SKU,产品名称,网站标题,网站链接,,,,,,,,,,,网站选项1,网站选项2,,,,,,,,,,,,,,
,,厂家直销 猫眼石散珠饰品配件diy手工串珠子猫眼石圆珠珠子半成品,https://detail.1688.com/offer/554998071360.html?spm=a2615.7691456.autotrace-offerGeneral.7.252261a8RKNvGr,,,,,,,,,,,1 混彩色猫眼,4mm,6mm,8mm,10mm,12mm,14mm,16mm,,,,,,,,
,,厂家直销 猫眼石散珠饰品配件diy手工串珠子猫眼石圆珠珠子半成品,https://detail.1688.com/offer/554998071360.html?spm=a2615.7691456.autotrace-offerGeneral.7.252261a8RKNvGr,,,,,,,,,,,2 深绿色猫眼,4mm,6mm,8mm,10mm,12mm,14mm,16mm,,,,,,,,
,,厂家直销 猫眼石散珠饰品配件diy手工串珠子猫眼石圆珠珠子半成品,https://detail.1688.com/offer/554998071360.html?spm=a2615.7691456.autotrace-offerGeneral.7.252261a8RKNvGr,,,,,,,,,,,3宝蓝色猫眼石,4mm,6mm,8mm,10mm,12mm,14mm,16mm,,,,,,,,
,,厂家直销 猫眼石散珠饰品配件diy手工串珠子猫眼石圆珠珠子半成品,https://detail.1688.com/offer/554998071360.html?spm=a2615.7691456.autotrace-offerGeneral.7.252261a8RKNvGr,,,,,,,,,,,4 橘红色猫眼石,4mm,6mm,8mm,10mm,12mm,14mm,16mm,,,,,,,,
,,厂家直销 猫眼石散珠饰品配件diy手工串珠子猫眼石圆珠珠子半成品,https://detail.1688.com/offer/554998071360.html?spm=a2615.7691456.autotrace-offerGeneral.7.252261a8RKNvGr,,,,,,,,,,,5 白色猫眼石,4mm,6mm,8mm,10mm,12mm,14mm,16mm,,,,,,,,
,,厂家直销 猫眼石散珠饰品配件diy手工串珠子猫眼石圆珠珠子半成品,https://detail.1688.com/offer/554998071360.html?spm=a2615.7691456.autotrace-offerGeneral.7.252261a8RKNvGr,,,,,,,,,,,6 亮黄色猫眼石,4mm,6mm,8mm,10mm,12mm,14mm,16mm,,,,,,,,
,,厂家直销 猫眼石散珠饰品配件diy手工串珠子猫眼石圆珠珠子半成品,https://detail.1688.com/offer/554998071360.html?spm=a2615.7691456.autotrace-offerGeneral.7.252261a8RKNvGr,,,,,,,,,,,7 浅蓝色猫眼石,4mm,6mm,8mm,10mm,12mm,14mm,16mm,,,,,,,,
,,厂家直销 猫眼石散珠饰品配件diy手工串珠子猫眼石圆珠珠子半成品,https://detail.1688.com/offer/554998071360.html?spm=a2615.7691456.autotrace-offerGeneral.7.252261a8RKNvGr,,,,,,,,,,,8 玫红色猫眼石,4mm,6mm,8mm,10mm,12mm,14mm,16mm,,,,,,,,
,,厂家直销 猫眼石散珠饰品配件diy手工串珠子猫眼石圆珠珠子半成品,https://detail.1688.com/offer/554998071360.html?spm=a2615.7691456.autotrace-offerGeneral.7.252261a8RKNvGr,,,,,,,,,,,9 浅湖蓝色猫眼石,4mm,6mm,8mm,10mm,12mm,14mm,16mm,,,,,,,,
,,厂家直销 猫眼石散珠饰品配件diy手工串珠子猫眼石圆珠珠子半成品,https://detail.1688.com/offer/554998071360.html?spm=a2615.7691456.autotrace-offerGeneral.7.252261a8RKNvGr,,,,,,,,,,,10 黑色猫眼石,4mm,6mm,8mm,10mm,12mm,14mm,16mm,,,,,,,,
,,厂家直销 猫眼石散珠饰品配件diy手工串珠子猫眼石圆珠珠子半成品,https://detail.1688.com/offer/554998071360.html?spm=a2615.7691456.autotrace-offerGeneral.7.252261a8RKNvGr,,,,,,,,,,,11 深蓝色猫眼石,4mm,6mm,8mm,10mm,12mm,14mm,16mm,,,,,,,,
,,厂家直销 猫眼石散珠饰品配件diy手工串珠子猫眼石圆珠珠子半成品,https://detail.1688.com/offer/554998071360.html?spm=a2615.7691456.autotrace-offerGeneral.7.252261a8RKNvGr,,,,,,,,,,,12深粉猫眼石,4mm,6mm,8mm,10mm,12mm,14mm,16mm,,,,,,,,
,,厂家直销 猫眼石散珠饰品配件diy手工串珠子猫眼石圆珠珠子半成品,https://detail.1688.com/offer/554998071360.html?spm=a2615.7691456.autotrace-offerGeneral.7.252261a8RKNvGr,,,,,,,,,,,14 浅橘色猫眼石,4mm,6mm,8mm,10mm,12mm,14mm,16mm,,,,,,,,
,,厂家直销 猫眼石散珠饰品配件diy手工串珠子猫眼石圆珠珠子半成品,https://detail.1688.com/offer/554998071360.html?spm=a2615.7691456.autotrace-offerGeneral.7.252261a8RKNvGr,,,,,,,,,,,15 浅粉色猫眼石,4mm,6mm,8mm,10mm,12mm,14mm,16mm,,,,,,,,
,,厂家直销 猫眼石散珠饰品配件diy手工串珠子猫眼石圆珠珠子半成品,https://detail.1688.com/offer/554998071360.html?spm=a2615.7691456.autotrace-offerGeneral.7.252261a8RKNvGr,,,,,,,,,,,16 深紫色猫眼石,4mm,6mm,8mm,10mm,12mm,14mm,16mm,,,,,,,,
,,厂家直销 猫眼石散珠饰品配件diy手工串珠子猫眼石圆珠珠子半成品,https://detail.1688.com/offer/554998071360.html?spm=a2615.7691456.autotrace-offerGeneral.7.252261a8RKNvGr,,,,,,,,,,,17 果绿色猫眼石,4mm,6mm,8mm,10mm,12mm,14mm,16mm,,,,,,,,
,,厂家直销 猫眼石散珠饰品配件diy手工串珠子猫眼石圆珠珠子半成品,https://detail.1688.com/offer/554998071360.html?spm=a2615.7691456.autotrace-offerGeneral.7.252261a8RKNvGr,,,,,,,,,,,18银灰色猫眼石,4mm,6mm,8mm,10mm,12mm,14mm,16mm,,,,,,,,
,,厂家直销 猫眼石散珠饰品配件diy手工串珠子猫眼石圆珠珠子半成品,https://detail.1688.com/offer/554998071360.html?spm=a2615.7691456.autotrace-offerGeneral.7.252261a8RKNvGr,,,,,,,,,,,19 橄榄黄色猫眼石,4mm,6mm,8mm,10mm,12mm,14mm,16mm,,,,,,,,
,,厂家直销 猫眼石散珠饰品配件diy手工串珠子猫眼石圆珠珠子半成品,https://detail.1688.com/offer/554998071360.html?spm=a2615.7691456.autotrace-offerGeneral.7.252261a8RKNvGr,,,,,,,,,,,20 大红色猫眼,4mm,6mm,8mm,10mm,12mm,14mm,16mm,,,,,,,,
,,厂家直销 猫眼石散珠饰品配件diy手工串珠子猫眼石圆珠珠子半成品,https://detail.1688.com/offer/554998071360.html?spm=a2615.7691456.autotrace-offerGeneral.7.252261a8RKNvGr,,,,,,,,,,,21 金黄色猫眼石,4mm,6mm,8mm,10mm,12mm,14mm,16mm,,,,,,,,
,,厂家直销 猫眼石散珠饰品配件diy手工串珠子猫眼石圆珠珠子半成品,https://detail.1688.com/offer/554998071360.html?spm=a2615.7691456.autotrace-offerGeneral.7.252261a8RKNvGr,,,,,,,,,,,22 亮绿色猫眼石,4mm,6mm,8mm,10mm,12mm,14mm,16mm,,,,,,,,
,,厂家直销 猫眼石散珠饰品配件diy手工串珠子猫眼石圆珠珠子半成品,https://detail.1688.com/offer/554998071360.html?spm=a2615.7691456.autotrace-offerGeneral.7.252261a8RKNvGr,,,,,,,,,,,23 墨蓝色猫眼石,4mm,6mm,8mm,10mm,12mm,14mm,16mm,,,,,,,,
,,厂家直销 猫眼石散珠饰品配件diy手工串珠子猫眼石圆珠珠子半成品,https://detail.1688.com/offer/554998071360.html?spm=a2615.7691456.autotrace-offerGeneral.7.252261a8RKNvGr,,,,,,,,,,,24 紫红色猫眼石,4mm,6mm,8mm,10mm,12mm,14mm,16mm,,,,,,,,
,,厂家直销 猫眼石散珠饰品配件diy手工串珠子猫眼石圆珠珠子半成品,https://detail.1688.com/offer/554998071360.html?spm=a2615.7691456.autotrace-offerGeneral.7.252261a8RKNvGr,,,,,,,,,,,26 橄榄绿猫眼石,4mm,6mm,8mm,10mm,12mm,14mm,16mm,,,,,,,,
,,厂家直销 猫眼石散珠饰品配件diy手工串珠子猫眼石圆珠珠子半成品,https://detail.1688.com/offer/554998071360.html?spm=a2615.7691456.autotrace-offerGeneral.7.252261a8RKNvGr,,,,,,,,,,,28 深湖蓝色猫眼石,4mm,6mm,8mm,10mm,12mm,14mm,16mm,,,,,,,,
,,厂家直销 猫眼石散珠饰品配件diy手工串珠子猫眼石圆珠珠子半成品,https://detail.1688.com/offer/554998071360.html?spm=a2615.7691456.autotrace-offerGeneral.7.252261a8RKNvGr,,,,,,,,,,,32紫罗兰色猫眼,4mm,6mm,8mm,10mm,12mm,14mm,16mm,,,,,,,,
,,厂家直销 猫眼石散珠饰品配件diy手工串珠子猫眼石圆珠珠子半成品,https://detail.1688.com/offer/554998071360.html?spm=a2615.7691456.autotrace-offerGeneral.7.252261a8RKNvGr,,,,,,,,,,,33浅紫色猫眼,4mm,6mm,8mm,10mm,12mm,14mm,16mm,,,,,,,,
,,厂家直销 猫眼石散珠饰品配件diy手工串珠子猫眼石圆珠珠子半成品,https://detail.1688.com/offer/554998071360.html?spm=a2615.7691456.autotrace-offerGeneral.7.252261a8RKNvGr,,,,,,,,,,,34 深灰色猫眼,4mm,6mm,8mm,10mm,12mm,14mm,16mm,,,,,,,,
,,天然莫桑比克石榴石散珠 diy饰品配件石榴石圆珠半成品尺寸齐全,https://detail.1688.com/offer/43127035379.html?spm=a2615.7691456.autotrace-offerGeneral.4.324f3bb46WN0UO,,,,,,,,,,,天然1A石榴石圆珠,3mm,4mm,5mm,6mm,7mm,8mm,9mm,10mm,11mm,12mm,14mm,,,,
,,天然莫桑比克石榴石散珠 diy饰品配件石榴石圆珠半成品尺寸齐全,https://detail.1688.com/offer/43127035379.html?spm=a2615.7691456.autotrace-offerGeneral.4.324f3bb46WN0UO,,,,,,,,,,,天然2A石榴石圆珠,3mm,4mm,5mm,6mm,7mm,8mm,9mm,10mm,11mm,12mm,14mm,,,,
,,天然莫桑比克石榴石散珠 diy饰品配件石榴石圆珠半成品尺寸齐全,https://detail.1688.com/offer/43127035379.html?spm=a2615.7691456.autotrace-offerGeneral.4.324f3bb46WN0UO,,,,,,,,,,,天然3A石榴石圆珠,3mm,4mm,5mm,6mm,7mm,8mm,9mm,10mm,11mm,12mm,14mm,,,,
,,天然莫桑比克石榴石散珠 diy饰品配件石榴石圆珠半成品尺寸齐全,https://detail.1688.com/offer/43127035379.html?spm=a2615.7691456.autotrace-offerGeneral.4.324f3bb46WN0UO,,,,,,,,,,,进口5A石榴石圆珠,3mm,4mm,5mm,6mm,7mm,8mm,9mm,10mm,11mm,12mm,14mm,,,,
,,天然莫桑比克石榴石散珠 diy饰品配件石榴石圆珠半成品尺寸齐全,https://detail.1688.com/offer/43127035379.html?spm=a2615.7691456.autotrace-offerGeneral.4.324f3bb46WN0UO,,,,,,,,,,,进口7A石榴石圆珠,3mm,4mm,5mm,6mm,7mm,8mm,9mm,10mm,11mm,12mm,14mm,,,,
,,厂家直销 金沙石散珠 饰品配件diy手链串珠 切面金沙石圆珠半成品,https://detail.1688.com/offer/43278935779.html?spm=a2615.7691456.autotrace-offerGeneral.1.69e75637kvIOrR,,,,,,,,,,,金沙石光面款,4mm,6mm,8mm,10mm,12mm,14mm,,,,,,,,,
,,厂家直销 金沙石散珠 饰品配件diy手链串珠 切面金沙石圆珠半成品,https://detail.1688.com/offer/43278935779.html?spm=a2615.7691456.autotrace-offerGeneral.1.69e75637kvIOrR,,,,,,,,,,,金沙石切面款,4mm,6mm,8mm,10mm,12mm,14mm,,,,,,,,,
,,优质蓝砂石散珠蓝砂石饰品批发 DIY手链串珠配件许愿石供应批发,https://detail.1688.com/offer/43335133950.html?spm=a2615.7691456.autotrace-offerGeneral.7.54935637wYT9lo,,,,,,,,,,,光面款蓝沙石,2mm,3mm,4mm,6mm,8mm,10mm,12mm,14mm,16mm,,,,,,
,,优质蓝砂石散珠蓝砂石饰品批发 DIY手链串珠配件许愿石供应批发,https://detail.1688.com/offer/43335133950.html?spm=a2615.7691456.autotrace-offerGeneral.7.54935637wYT9lo,,,,,,,,,,,切面款蓝沙石,2mm,3mm,4mm,6mm,8mm,10mm,12mm,14mm,16mm,,,,,,
,,厂家直销 绿沙石散珠圆珠diy饰品配件手工串珠子切面绿沙石珠子,https://detail.1688.com/offer/43195800086.html?spm=a2615.7691456.autotrace-offerGeneral.4.54935637wYT9lo,,,,,,,,,,,光面绿沙石,4mm,6mm,8mm,10mm,12mm,,,,,,,,,,
,,厂家直销 绿沙石散珠圆珠diy饰品配件手工串珠子切面绿沙石珠子,https://detail.1688.com/offer/43195800086.html?spm=a2615.7691456.autotrace-offerGeneral.4.54935637wYT9lo,,,,,,,,,,,切面绿沙石,4mm,6mm,8mm,10mm,12mm,,,,,,,,,,
,,天然彩色石玉髓散珠diy饰品纽扣配件义乌地摊货源玉石珠子半成品,https://detail.1688.com/offer/45549802623.html?spm=a2615.7691456.autotrace-offerGeneral.40.54ea5801abXlQX,,,,,,,,,,,高品质摩根色RS,4mm,6mm,8mm,10mm,12mm,14mm,,,,,,,,,
,,天然彩色石玉髓散珠diy饰品纽扣配件义乌地摊货源玉石珠子半成品,https://detail.1688.com/offer/45549802623.html?spm=a2615.7691456.autotrace-offerGeneral.40.54ea5801abXlQX,,,,,,,,,,,高品质玉髓白瓷,4mm,6mm,8mm,10mm,12mm,14mm,,,,,,,,,
,,天然彩色石玉髓散珠diy饰品纽扣配件义乌地摊货源玉石珠子半成品,https://detail.1688.com/offer/45549802623.html?spm=a2615.7691456.autotrace-offerGeneral.40.54ea5801abXlQX,,,,,,,,,,,高品质玉髓白玉,4mm,6mm,8mm,10mm,12mm,14mm,,,,,,,,,
,,天然彩色石玉髓散珠diy饰品纽扣配件义乌地摊货源玉石珠子半成品,https://detail.1688.com/offer/45549802623.html?spm=a2615.7691456.autotrace-offerGeneral.40.54ea5801abXlQX,,,,,,,,,,,高品质玉髓酒红色,4mm,6mm,8mm,10mm,12mm,14mm,,,,,,,,,
,,天然彩色石玉髓散珠diy饰品纽扣配件义乌地摊货源玉石珠子半成品,https://detail.1688.com/offer/45549802623.html?spm=a2615.7691456.autotrace-offerGeneral.40.54ea5801abXlQX,,,,,,,,,,,高品质玉髓大红色,4mm,6mm,8mm,10mm,12mm,14mm,,,,,,,,,
,,天然彩色石玉髓散珠diy饰品纽扣配件义乌地摊货源玉石珠子半成品,https://detail.1688.com/offer/45549802623.html?spm=a2615.7691456.autotrace-offerGeneral.40.54ea5801abXlQX,,,,,,,,,,,高品质玉髓玫红色,4mm,6mm,8mm,10mm,12mm,14mm,,,,,,,,,
,,天然彩色石玉髓散珠diy饰品纽扣配件义乌地摊货源玉石珠子半成品,https://detail.1688.com/offer/45549802623.html?spm=a2615.7691456.autotrace-offerGeneral.40.54ea5801abXlQX,,,,,,,,,,,高品质玉髓深粉色,4mm,6mm,8mm,10mm,12mm,14mm,,,,,,,,,
,,天然彩色石玉髓散珠diy饰品纽扣配件义乌地摊货源玉石珠子半成品,https://detail.1688.com/offer/45549802623.html?spm=a2615.7691456.autotrace-offerGeneral.40.54ea5801abXlQX,,,,,,,,,,,高品质玉髓浅粉色,4mm,6mm,8mm,10mm,12mm,14mm,,,,,,,,,
,,天然彩色石玉髓散珠diy饰品纽扣配件义乌地摊货源玉石珠子半成品,https://detail.1688.com/offer/45549802623.html?spm=a2615.7691456.autotrace-offerGeneral.40.54ea5801abXlQX,,,,,,,,,,,高品质玉髓粉红色,4mm,6mm,8mm,10mm,12mm,14mm,,,,,,,,,
,,天然彩色石玉髓散珠diy饰品纽扣配件义乌地摊货源玉石珠子半成品,https://detail.1688.com/offer/45549802623.html?spm=a2615.7691456.autotrace-offerGeneral.40.54ea5801abXlQX,,,,,,,,,,,高品质玉髓深橘红色,4mm,6mm,8mm,10mm,12mm,14mm,,,,,,,,,
,,天然彩色石玉髓散珠diy饰品纽扣配件义乌地摊货源玉石珠子半成品,https://detail.1688.com/offer/45549802623.html?spm=a2615.7691456.autotrace-offerGeneral.40.54ea5801abXlQX,,,,,,,,,,,高品质玉髓浅橘红色,4mm,6mm,8mm,10mm,12mm,14mm,,,,,,,,,
,,天然彩色石玉髓散珠diy饰品纽扣配件义乌地摊货源玉石珠子半成品,https://detail.1688.com/offer/45549802623.html?spm=a2615.7691456.autotrace-offerGeneral.40.54ea5801abXlQX,,,,,,,,,,,高品质玉髓橘黄色,4mm,6mm,8mm,10mm,12mm,14mm,,,,,,,,,
,,天然彩色石玉髓散珠diy饰品纽扣配件义乌地摊货源玉石珠子半成品,https://detail.1688.com/offer/45549802623.html?spm=a2615.7691456.autotrace-offerGeneral.40.54ea5801abXlQX,,,,,,,,,,,高品质玉髓黄色XT,4mm,6mm,8mm,10mm,12mm,14mm,,,,,,,,,
,,天然彩色石玉髓散珠diy饰品纽扣配件义乌地摊货源玉石珠子半成品,https://detail.1688.com/offer/45549802623.html?spm=a2615.7691456.autotrace-offerGeneral.40.54ea5801abXlQX,,,,,,,,,,,高品质玉髓亮黄色RS,4mm,6mm,8mm,10mm,12mm,14mm,,,,,,,,,
,,天然彩色石玉髓散珠diy饰品纽扣配件义乌地摊货源玉石珠子半成品,https://detail.1688.com/offer/45549802623.html?spm=a2615.7691456.autotrace-offerGeneral.40.54ea5801abXlQX,,,,,,,,,,,高品质玉髓紫红色XT,4mm,6mm,8mm,10mm,12mm,14mm,,,,,,,,,
,,天然彩色石玉髓散珠diy饰品纽扣配件义乌地摊货源玉石珠子半成品,https://detail.1688.com/offer/45549802623.html?spm=a2615.7691456.autotrace-offerGeneral.40.54ea5801abXlQX,,,,,,,,,,,高品质玉髓2号紫红色,4mm,6mm,8mm,10mm,12mm,14mm,,,,,,,,,
,,天然彩色石玉髓散珠diy饰品纽扣配件义乌地摊货源玉石珠子半成品,https://detail.1688.com/offer/45549802623.html?spm=a2615.7691456.autotrace-offerGeneral.40.54ea5801abXlQX,,,,,,,,,,,高品质玉髓薰衣草紫色,4mm,6mm,8mm,10mm,12mm,14mm,,,,,,,,,
,,天然彩色石玉髓散珠diy饰品纽扣配件义乌地摊货源玉石珠子半成品,https://detail.1688.com/offer/45549802623.html?spm=a2615.7691456.autotrace-offerGeneral.40.54ea5801abXlQX,,,,,,,,,,,高品质玉髓深紫色,4mm,6mm,8mm,10mm,12mm,14mm,,,,,,,,,
,,天然彩色石玉髓散珠diy饰品纽扣配件义乌地摊货源玉石珠子半成品,https://detail.1688.com/offer/45549802623.html?spm=a2615.7691456.autotrace-offerGeneral.40.54ea5801abXlQX,,,,,,,,,,,高品质玉髓浅蓝色,4mm,6mm,8mm,10mm,12mm,14mm,,,,,,,,,
,,天然彩色石玉髓散珠diy饰品纽扣配件义乌地摊货源玉石珠子半成品,https://detail.1688.com/offer/45549802623.html?spm=a2615.7691456.autotrace-offerGeneral.40.54ea5801abXlQX,,,,,,,,,,,高品质玉髓中蓝色,4mm,6mm,8mm,10mm,12mm,14mm,,,,,,,,,
,,天然彩色石玉髓散珠diy饰品纽扣配件义乌地摊货源玉石珠子半成品,https://detail.1688.com/offer/45549802623.html?spm=a2615.7691456.autotrace-offerGeneral.40.54ea5801abXlQX,,,,,,,,,,,高品质玉髓藏蓝色CX,4mm,6mm,8mm,10mm,12mm,14mm,,,,,,,,,
,,天然彩色石玉髓散珠diy饰品纽扣配件义乌地摊货源玉石珠子半成品,https://detail.1688.com/offer/45549802623.html?spm=a2615.7691456.autotrace-offerGeneral.40.54ea5801abXlQX,,,,,,,,,,,高品质玉髓深蓝色,4mm,6mm,8mm,10mm,12mm,14mm,,,,,,,,,
,,天然彩色石玉髓散珠diy饰品纽扣配件义乌地摊货源玉石珠子半成品,https://detail.1688.com/offer/45549802623.html?spm=a2615.7691456.autotrace-offerGeneral.40.54ea5801abXlQX,,,,,,,,,,,高品质玉髓天蓝色,4mm,6mm,8mm,10mm,12mm,14mm,,,,,,,,,
,,天然彩色石玉髓散珠diy饰品纽扣配件义乌地摊货源玉石珠子半成品,https://detail.1688.com/offer/45549802623.html?spm=a2615.7691456.autotrace-offerGeneral.40.54ea5801abXlQX,,,,,,,,,,,高品质玉髓亚马逊色,4mm,6mm,8mm,10mm,12mm,14mm,,,,,,,,,
,,天然彩色石玉髓散珠diy饰品纽扣配件义乌地摊货源玉石珠子半成品,https://detail.1688.com/offer/45549802623.html?spm=a2615.7691456.autotrace-offerGeneral.40.54ea5801abXlQX,,,,,,,,,,,高品质玉髓浅绿色,4mm,6mm,8mm,10mm,12mm,14mm,,,,,,,,,
,,天然彩色石玉髓散珠diy饰品纽扣配件义乌地摊货源玉石珠子半成品,https://detail.1688.com/offer/45549802623.html?spm=a2615.7691456.autotrace-offerGeneral.40.54ea5801abXlQX,,,,,,,,,,,高品质玉髓中绿色,4mm,6mm,8mm,10mm,12mm,14mm,,,,,,,,,
,,天然彩色石玉髓散珠diy饰品纽扣配件义乌地摊货源玉石珠子半成品,https://detail.1688.com/offer/45549802623.html?spm=a2615.7691456.autotrace-offerGeneral.40.54ea5801abXlQX,,,,,,,,,,,高品质玉髓橄榄绿色,4mm,6mm,8mm,10mm,12mm,14mm,,,,,,,,,
,,天然彩色石玉髓散珠diy饰品纽扣配件义乌地摊货源玉石珠子半成品,https://detail.1688.com/offer/45549802623.html?spm=a2615.7691456.autotrace-offerGeneral.40.54ea5801abXlQX,,,,,,,,,,,高品质玉髓深绿色,4mm,6mm,8mm,10mm,12mm,14mm,,,,,,,,,
,,天然彩色石玉髓散珠diy饰品纽扣配件义乌地摊货源玉石珠子半成品,https://detail.1688.com/offer/45549802623.html?spm=a2615.7691456.autotrace-offerGeneral.40.54ea5801abXlQX,,,,,,,,,,,高品质玉髓苹果绿色,4mm,6mm,8mm,10mm,12mm,14mm,,,,,,,,,
,,天然彩色石玉髓散珠diy饰品纽扣配件义乌地摊货源玉石珠子半成品,https://detail.1688.com/offer/45549802623.html?spm=a2615.7691456.autotrace-offerGeneral.40.54ea5801abXlQX,,,,,,,,,,,高品质玉髓灰色XT,4mm,6mm,8mm,10mm,12mm,14mm,,,,,,,,,
,,天然彩色石玉髓散珠diy饰品纽扣配件义乌地摊货源玉石珠子半成品,https://detail.1688.com/offer/45549802623.html?spm=a2615.7691456.autotrace-offerGeneral.40.54ea5801abXlQX,,,,,,,,,,,高品质玉髓黑色JL,4mm,6mm,8mm,10mm,12mm,14mm,,,,,,,,,
,,天然彩色石玉髓散珠diy饰品纽扣配件义乌地摊货源玉石珠子半成品,https://detail.1688.com/offer/45549802623.html?spm=a2615.7691456.autotrace-offerGeneral.40.54ea5801abXlQX,,,,,,,,,,,高品质玉髓咖啡色XT,4mm,6mm,8mm,10mm,12mm,14mm,,,,,,,,,
,,天然彩色石玉髓散珠diy饰品纽扣配件义乌地摊货源玉石珠子半成品,https://detail.1688.com/offer/45549802623.html?spm=a2615.7691456.autotrace-offerGeneral.40.54ea5801abXlQX,,,,,,,,,,,高品质玉髓深玫红色,4mm,6mm,8mm,10mm,12mm,14mm,,,,,,,,,
,,天然彩色石玉髓散珠diy饰品纽扣配件义乌地摊货源玉石珠子半成品,https://detail.1688.com/offer/45549802623.html?spm=a2615.7691456.autotrace-offerGeneral.40.54ea5801abXlQX,,,,,,,,,,,高品质玉髓浅紫色,4mm,6mm,8mm,10mm,12mm,14mm,,,,,,,,,
,,厂家直销 天然亚马逊散珠切面磨砂亚马逊珠子半成品diy饰品配件,https://detail.1688.com/offer/581846822610.html?spm=a2615.7691456.autotrace-offerGeneral.4.6789231bo9M5Gw,,,,,,,,,,,3A天然亚马逊石,4mm,6mm,8mm,10mm,12mm,,,,,,,,,,
,,厂家直销 天然亚马逊散珠切面磨砂亚马逊珠子半成品diy饰品配件,https://detail.1688.com/offer/581846822610.html?spm=a2615.7691456.autotrace-offerGeneral.4.6789231bo9M5Gw,,,,,,,,,,,优化天蓝色玉髓,4mm,6mm,8mm,10mm,12mm,,,,,,,,,,
,,厂家直销 天然亚马逊散珠切面磨砂亚马逊珠子半成品diy饰品配件,https://detail.1688.com/offer/581846822610.html?spm=a2615.7691456.autotrace-offerGeneral.4.6789231bo9M5Gw,,,,,,,,,,,5A天然亚马逊石,4mm,6mm,8mm,10mm,12mm,,,,,,,,,,
,,厂家直销 天然亚马逊散珠切面磨砂亚马逊珠子半成品diy饰品配件,https://detail.1688.com/offer/581846822610.html?spm=a2615.7691456.autotrace-offerGeneral.4.6789231bo9M5Gw,,,,,,,,,,,3A天然磨砂亚马逊石,4mm,6mm,8mm,10mm,12mm,,,,,,,,,,
,,厂家直销 天然亚马逊散珠切面磨砂亚马逊珠子半成品diy饰品配件,https://detail.1688.com/offer/581846822610.html?spm=a2615.7691456.autotrace-offerGeneral.4.6789231bo9M5Gw,,,,,,,,,,,优化磨砂天蓝色玉髓,4mm,6mm,8mm,10mm,12mm,,,,,,,,,,
,,厂家直销 天然亚马逊散珠切面磨砂亚马逊珠子半成品diy饰品配件,https://detail.1688.com/offer/581846822610.html?spm=a2615.7691456.autotrace-offerGeneral.4.6789231bo9M5Gw,,,,,,,,,,,5A磨砂亚马逊石,4mm,6mm,8mm,10mm,12mm,,,,,,,,,,
,,厂家直销 天然亚马逊散珠切面磨砂亚马逊珠子半成品diy饰品配件,https://detail.1688.com/offer/581846822610.html?spm=a2615.7691456.autotrace-offerGeneral.4.6789231bo9M5Gw,,,,,,,,,,,3A切面亚马逊石,4mm,6mm,8mm,10mm,12mm,,,,,,,,,,
,,支持鉴定 天然青金石散珠 diy饰品配件手工串珠子配件半成品批发,https://detail.1688.com/offer/44223037282.html?spm=a2615.7691456.autotrace-offerGeneral.1.6b24751a7jGQBR,,,,,,,,,,,1A天然青金石,4mm,6mm,8mm,10mm,12mm,14mm,,,,,,,,,
,,支持鉴定 天然青金石散珠 diy饰品配件手工串珠子配件半成品批发,https://detail.1688.com/offer/44223037282.html?spm=a2615.7691456.autotrace-offerGeneral.1.6b24751a7jGQBR,,,,,,,,,,,3A天然青金石,4mm,6mm,8mm,10mm,12mm,14mm,,,,,,,,,
,,支持鉴定 天然青金石散珠 diy饰品配件手工串珠子配件半成品批发,https://detail.1688.com/offer/44223037282.html?spm=a2615.7691456.autotrace-offerGeneral.1.6b24751a7jGQBR,,,,,,,,,,,5A天然青金石,4mm,6mm,8mm,10mm,12mm,14mm,,,,,,,,,
,,支持鉴定 天然青金石散珠 diy饰品配件手工串珠子配件半成品批发,https://detail.1688.com/offer/44223037282.html?spm=a2615.7691456.autotrace-offerGeneral.1.6b24751a7jGQBR,,,,,,,,,,,7A天然青金石,4mm,6mm,8mm,10mm,12mm,14mm,,,,,,,,,
,,支持鉴定 天然青金石散珠 diy饰品配件手工串珠子配件半成品批发,https://detail.1688.com/offer/44223037282.html?spm=a2615.7691456.autotrace-offerGeneral.1.6b24751a7jGQBR,,,,,,,,,,,天然切面青金石,4mm,6mm,8mm,10mm,12mm,14mm,,,,,,,,,
,,厂家直销红玛瑙散珠饰品配件diy天然红玛瑙圆珠散珠半成品批发,https://detail.1688.com/offer/43306327263.html?spm=a2615.7691456.autotrace-offerGeneral.1.3e9c580117MtGq,,,,,,,,,,,7A深红玛瑙圆珠,4mm,6mm,8mm,10mm,12mm,14mm,16mm,18mm,20mm,,,,,,
,,厂家直销 天然石榴石切面散珠 diy饰品配件手链串珠 现货低价批发,https://detail.1688.com/offer/533722188985.html?spm=a2615.7691456.autotrace-offerGeneral.1.28ad3bb4cy35qZ,,,,,,,,,,,天然石榴石刻面,6mm,8mm,10mm,12mm,,,,,,,,,,,
,,厂家直销天然黑玛瑙散珠 diy饰品配件黑玛瑙圆珠半成品 手工串珠,https://detail.1688.com/offer/43369900522.html?spm=a2615.7691456.autotrace-offerGeneral.1.3a765801JIwM7m,,,,,,,,,,,7A天然黑玛瑙,2mm,3mm,4mm,6mm,8mm,10mm,12mm,14mm,16mm,18mm,20mm,,,,
,,厂家直销 天然粉玛瑙散珠 diy饰品配件半成品 粉色珠子圆珠批发,https://detail.1688.com/offer/45566303383.html?spm=a2615.7691456.autotrace-offerGeneral.1.6ceb5801nBJAKM,,,,,,,,,,,粉玛瑙,6mm,8mm,10mm,,,,,,,,,,,,
,,厂家直销天然玉石散珠 饰品配件diy手链项链配饰 彩色玉髓散珠,https://detail.1688.com/offer/558082317471.html?spm=a2615.7691456.autotrace-offerGeneral.40.59295801zCYmqf,,,,,,,,,,,普通玉髓大红,8mm,10mm,,,,,,,,,,,,,
,,厂家直销天然玉石散珠 饰品配件diy手链项链配饰 彩色玉髓散珠,https://detail.1688.com/offer/558082317471.html?spm=a2615.7691456.autotrace-offerGeneral.40.59295801zCYmqf,,,,,,,,,,,普通玉髓粉色,8mm,10mm,,,,,,,,,,,,,
,,厂家直销天然玉石散珠 饰品配件diy手链项链配饰 彩色玉髓散珠,https://detail.1688.com/offer/558082317471.html?spm=a2615.7691456.autotrace-offerGeneral.40.59295801zCYmqf,,,,,,,,,,,普通玉髓米色,8mm,10mm,,,,,,,,,,,,,
,,厂家直销天然玉石散珠 饰品配件diy手链项链配饰 彩色玉髓散珠,https://detail.1688.com/offer/558082317471.html?spm=a2615.7691456.autotrace-offerGeneral.40.59295801zCYmqf,,,,,,,,,,,普通玉髓黄色,8mm,10mm,,,,,,,,,,,,,
,,厂家直销天然玉石散珠 饰品配件diy手链项链配饰 彩色玉髓散珠,https://detail.1688.com/offer/558082317471.html?spm=a2615.7691456.autotrace-offerGeneral.40.59295801zCYmqf,,,,,,,,,,,普通玉髓咖啡色,8mm,10mm,,,,,,,,,,,,,
,,厂家直销天然玉石散珠 饰品配件diy手链项链配饰 彩色玉髓散珠,https://detail.1688.com/offer/558082317471.html?spm=a2615.7691456.autotrace-offerGeneral.40.59295801zCYmqf,,,,,,,,,,,普通玉髓蓝色,8mm,10mm,,,,,,,,,,,,,
,,厂家直销天然玉石散珠 饰品配件diy手链项链配饰 彩色玉髓散珠,https://detail.1688.com/offer/558082317471.html?spm=a2615.7691456.autotrace-offerGeneral.40.59295801zCYmqf,,,,,,,,,,,普通玉髓湖蓝,8mm,10mm,,,,,,,,,,,,,
,,厂家直销天然玉石散珠 饰品配件diy手链项链配饰 彩色玉髓散珠,https://detail.1688.com/offer/558082317471.html?spm=a2615.7691456.autotrace-offerGeneral.40.59295801zCYmqf,,,,,,,,,,,普通玉髓浅湖蓝,8mm,10mm,,,,,,,,,,,,,
,,厂家直销天然玉石散珠 饰品配件diy手链项链配饰 彩色玉髓散珠,https://detail.1688.com/offer/558082317471.html?spm=a2615.7691456.autotrace-offerGeneral.40.59295801zCYmqf,,,,,,,,,,,普通玉髓透明蓝,8mm,10mm,,,,,,,,,,,,,
,,厂家直销天然玉石散珠 饰品配件diy手链项链配饰 彩色玉髓散珠,https://detail.1688.com/offer/558082317471.html?spm=a2615.7691456.autotrace-offerGeneral.40.59295801zCYmqf,,,,,,,,,,,普通玉髓深蓝,8mm,10mm,,,,,,,,,,,,,
,,厂家直销天然玉石散珠 饰品配件diy手链项链配饰 彩色玉髓散珠,https://detail.1688.com/offer/558082317471.html?spm=a2615.7691456.autotrace-offerGeneral.40.59295801zCYmqf,,,,,,,,,,,普通玉髓透明紫,8mm,10mm,,,,,,,,,,,,,
,,厂家直销天然玉石散珠 饰品配件diy手链项链配饰 彩色玉髓散珠,https://detail.1688.com/offer/558082317471.html?spm=a2615.7691456.autotrace-offerGeneral.40.59295801zCYmqf,,,,,,,,,,,普通玉髓深紫,8mm,10mm,,,,,,,,,,,,,
,,厂家直销天然玉石散珠 饰品配件diy手链项链配饰 彩色玉髓散珠,https://detail.1688.com/offer/558082317471.html?spm=a2615.7691456.autotrace-offerGeneral.40.59295801zCYmqf,,,,,,,,,,,普通玉髓浅绿,8mm,10mm,,,,,,,,,,,,,
,,厂家直销天然玉石散珠 饰品配件diy手链项链配饰 彩色玉髓散珠,https://detail.1688.com/offer/558082317471.html?spm=a2615.7691456.autotrace-offerGeneral.40.59295801zCYmqf,,,,,,,,,,,普通玉髓翠绿,8mm,10mm,,,,,,,,,,,,,
,,厂家直销天然玉石散珠 饰品配件diy手链项链配饰 彩色玉髓散珠,https://detail.1688.com/offer/558082317471.html?spm=a2615.7691456.autotrace-offerGeneral.40.59295801zCYmqf,,,,,,,,,,,普通玉髓果绿,8mm,10mm,,,,,,,,,,,,,
,,晶德珠宝 阿富汗玉髓散珠 diy饰品配件彩色玉髓圆珠半成品批发,https://detail.1688.com/offer/571649717832.html?spm=a2615.7691456.autotrace-offerGeneral.40.55f75768t0MlSk,,,,,,,,,,,白色阿富汗玉髓,4mm,6mm,8mm,10mm,12mm,,,,,,,,,,
,,晶德珠宝 阿富汗玉髓散珠 diy饰品配件彩色玉髓圆珠半成品批发,https://detail.1688.com/offer/571649717832.html?spm=a2615.7691456.autotrace-offerGeneral.40.55f75768t0MlSk,,,,,,,,,,,灰色阿富汗玉髓,4mm,6mm,8mm,10mm,12mm,,,,,,,,,,
,,晶德珠宝 阿富汗玉髓散珠 diy饰品配件彩色玉髓圆珠半成品批发,https://detail.1688.com/offer/571649717832.html?spm=a2615.7691456.autotrace-offerGeneral.40.55f75768t0MlSk,,,,,,,,,,,咖啡色阿富汗玉髓,4mm,6mm,8mm,10mm,12mm,,,,,,,,,,
,,晶德珠宝 阿富汗玉髓散珠 diy饰品配件彩色玉髓圆珠半成品批发,https://detail.1688.com/offer/571649717832.html?spm=a2615.7691456.autotrace-offerGeneral.40.55f75768t0MlSk,,,,,,,,,,,浅粉色阿富汗玉髓,4mm,6mm,8mm,10mm,12mm,,,,,,,,,,
,,晶德珠宝 阿富汗玉髓散珠 diy饰品配件彩色玉髓圆珠半成品批发,https://detail.1688.com/offer/571649717832.html?spm=a2615.7691456.autotrace-offerGeneral.40.55f75768t0MlSk,,,,,,,,,,,深粉色阿富汗玉髓,4mm,6mm,8mm,10mm,12mm,,,,,,,,,,
,,晶德珠宝 阿富汗玉髓散珠 diy饰品配件彩色玉髓圆珠半成品批发,https://detail.1688.com/offer/571649717832.html?spm=a2615.7691456.autotrace-offerGeneral.40.55f75768t0MlSk,,,,,,,,,,,玫红色阿富汗玉髓,4mm,6mm,8mm,10mm,12mm,,,,,,,,,,
,,晶德珠宝 阿富汗玉髓散珠 diy饰品配件彩色玉髓圆珠半成品批发,https://detail.1688.com/offer/571649717832.html?spm=a2615.7691456.autotrace-offerGeneral.40.55f75768t0MlSk,,,,,,,,,,,紫色阿富汗玉髓,4mm,6mm,8mm,10mm,12mm,,,,,,,,,,
,,晶德珠宝 阿富汗玉髓散珠 diy饰品配件彩色玉髓圆珠半成品批发,https://detail.1688.com/offer/571649717832.html?spm=a2615.7691456.autotrace-offerGeneral.40.55f75768t0MlSk,,,,,,,,,,,红色阿富汗玉髓,4mm,6mm,8mm,10mm,12mm,,,,,,,,,,
,,晶德珠宝 阿富汗玉髓散珠 diy饰品配件彩色玉髓圆珠半成品批发,https://detail.1688.com/offer/571649717832.html?spm=a2615.7691456.autotrace-offerGeneral.40.55f75768t0MlSk,,,,,,,,,,,金黄色阿富汗玉髓,4mm,6mm,8mm,10mm,12mm,,,,,,,,,,
,,晶德珠宝 阿富汗玉髓散珠 diy饰品配件彩色玉髓圆珠半成品批发,https://detail.1688.com/offer/571649717832.html?spm=a2615.7691456.autotrace-offerGeneral.40.55f75768t0MlSk,,,,,,,,,,,果绿色阿富汗玉髓,4mm,6mm,8mm,10mm,12mm,,,,,,,,,,
,,晶德珠宝 阿富汗玉髓散珠 diy饰品配件彩色玉髓圆珠半成品批发,https://detail.1688.com/offer/571649717832.html?spm=a2615.7691456.autotrace-offerGeneral.40.55f75768t0MlSk,,,,,,,,,,,深绿色阿富汗玉髓,4mm,6mm,8mm,10mm,12mm,,,,,,,,,,
,,晶德珠宝 阿富汗玉髓散珠 diy饰品配件彩色玉髓圆珠半成品批发,https://detail.1688.com/offer/571649717832.html?spm=a2615.7691456.autotrace-offerGeneral.40.55f75768t0MlSk,,,,,,,,,,,橄榄绿阿富汗玉髓,4mm,6mm,8mm,10mm,12mm,,,,,,,,,,
,,晶德珠宝 阿富汗玉髓散珠 diy饰品配件彩色玉髓圆珠半成品批发,https://detail.1688.com/offer/571649717832.html?spm=a2615.7691456.autotrace-offerGeneral.40.55f75768t0MlSk,,,,,,,,,,,浅蓝色阿富汗玉髓,4mm,6mm,8mm,10mm,12mm,,,,,,,,,,
,,晶德珠宝 阿富汗玉髓散珠 diy饰品配件彩色玉髓圆珠半成品批发,https://detail.1688.com/offer/571649717832.html?spm=a2615.7691456.autotrace-offerGeneral.40.55f75768t0MlSk,,,,,,,,,,,橘色阿富汗玉髓,4mm,6mm,8mm,10mm,12mm,,,,,,,,,,
,,厂家直销 天然藏式玛瑙天珠 diy手链佛珠串珠配件 天珠桶珠散珠,https://detail.1688.com/offer/579617476982.html?spm=a2615.7691456.autotrace-offerGeneral.1.54ca5801IT30Qh,,,,,,,,,,,天珠黑白三眼 8*12MM左右,,,,,,,,,,,,,,,
,,厂家直销 天然藏式玛瑙天珠 diy手链佛珠串珠配件 天珠桶珠散珠,https://detail.1688.com/offer/579617476982.html?spm=a2615.7691456.autotrace-offerGeneral.1.54ca5801IT30Qh,,,,,,,,,,,天珠黑白珠 8*12MM左右,,,,,,,,,,,,,,,
,,厂家直销 天然藏式玛瑙天珠 diy手链佛珠串珠配件 天珠桶珠散珠,https://detail.1688.com/offer/579617476982.html?spm=a2615.7691456.autotrace-offerGeneral.1.54ca5801IT30Qh,,,,,,,,,,,天珠红白三眼 8*12MM左右,,,,,,,,,,,,,,,
,,厂家直销 天然藏式玛瑙天珠 diy手链佛珠串珠配件 天珠桶珠散珠,https://detail.1688.com/offer/579617476982.html?spm=a2615.7691456.autotrace-offerGeneral.1.54ca5801IT30Qh,,,,,,,,,,,天珠红白珠 8*12MM左右,,,,,,,,,,,,,,,
,,厂家直销 天然藏式玛瑙天珠 diy手链佛珠串珠配件 天珠桶珠散珠,https://detail.1688.com/offer/579617476982.html?spm=a2615.7691456.autotrace-offerGeneral.1.54ca5801IT30Qh,,,,,,,,,,,天珠红白三眼10*14MM左右,,,,,,,,,,,,,,,
,,厂家直销 天然藏式玛瑙天珠 diy手链佛珠串珠配件 天珠桶珠散珠,https://detail.1688.com/offer/579617476982.html?spm=a2615.7691456.autotrace-offerGeneral.1.54ca5801IT30Qh,,,,,,,,,,,天珠黑白三眼 10*14MM左右,,,,,,,,,,,,,,,
,,厂家直销 天然藏式玛瑙天珠 diy手链佛珠串珠配件 天珠桶珠散珠,https://detail.1688.com/offer/579617476982.html?spm=a2615.7691456.autotrace-offerGeneral.1.54ca5801IT30Qh,,,,,,,,,,,天珠红白三眼 13*18MM左右,,,,,,,,,,,,,,,
,,厂家直销 天然藏式玛瑙天珠 diy手链佛珠串珠配件 天珠桶珠散珠,https://detail.1688.com/offer/579617476982.html?spm=a2615.7691456.autotrace-offerGeneral.1.54ca5801IT30Qh,,,,,,,,,,,天珠咖啡色三眼 13*18MM左右,,,,,,,,,,,,,,,
,,厂家直销 天然藏式玛瑙天珠 diy手链佛珠串珠配件 天珠桶珠散珠,https://detail.1688.com/offer/579617476982.html?spm=a2615.7691456.autotrace-offerGeneral.1.54ca5801IT30Qh,,,,,,,,,,,天珠磨砂天眼 13*18MM左右,,,,,,,,,,,,,,,
,,厂家直销 天然藏式玛瑙天珠 diy手链佛珠串珠配件 天珠桶珠散珠,https://detail.1688.com/offer/579617476982.html?spm=a2615.7691456.autotrace-offerGeneral.1.54ca5801IT30Qh,,,,,,,,,,,天珠绿白三眼 13*18MM左右,,,,,,,,,,,,,,,
,,厂家直销 天然藏式玛瑙天珠 diy手链佛珠串珠配件 天珠桶珠散珠,https://detail.1688.com/offer/579617476982.html?spm=a2615.7691456.autotrace-offerGeneral.1.54ca5801IT30Qh,,,,,,,,,,,天珠黑白三眼 15*17MM左右,,,,,,,,,,,,,,,
,,厂家直销 天然藏式玛瑙天珠 diy手链佛珠串珠配件 天珠桶珠散珠,https://detail.1688.com/offer/579617476982.html?spm=a2615.7691456.autotrace-offerGeneral.1.54ca5801IT30Qh,,,,,,,,,,,天珠磨砂天眼 13*21MM左右,,,,,,,,,,,,,,,
,,厂家直销 天然藏式玛瑙天珠 diy手链佛珠串珠配件 天珠桶珠散珠,https://detail.1688.com/offer/579617476982.html?spm=a2615.7691456.autotrace-offerGeneral.1.54ca5801IT30Qh,,,,,,,,,,,天珠磨砂九眼 10*30MM左右,,,,,,,,,,,,,,,
,,厂家直销 天然藏式玛瑙天珠 diy手链佛珠串珠配件 天珠桶珠散珠,https://detail.1688.com/offer/579617476982.html?spm=a2615.7691456.autotrace-offerGeneral.1.54ca5801IT30Qh,,,,,,,,,,,天珠红白九眼 10*30MM左右,,,,,,,,,,,,,,,
,,厂家直销 天然藏式玛瑙天珠 diy手链佛珠串珠配件 天珠桶珠散珠,https://detail.1688.com/offer/579617476982.html?spm=a2615.7691456.autotrace-offerGeneral.1.54ca5801IT30Qh,,,,,,,,,,,天珠黑白九眼 10*30MM左右,,,,,,,,,,,,,,,
,,厂家直销 天然藏式玛瑙天珠 diy手链佛珠串珠配件 天珠桶珠散珠,https://detail.1688.com/offer/579617476982.html?spm=a2615.7691456.autotrace-offerGeneral.1.54ca5801IT30Qh,,,,,,,,,,,天珠绿色九眼 10*30MM左右,,,,,,,,,,,,,,,
,,厂家直销 天然藏式玛瑙天珠 diy手链佛珠串珠配件 天珠桶珠散珠,https://detail.1688.com/offer/579617476982.html?spm=a2615.7691456.autotrace-offerGeneral.1.54ca5801IT30Qh,,,,,,,,,,,天珠绿色三眼 12*30MM左右,,,,,,,,,,,,,,,
,,厂家直销 天然藏式玛瑙天珠 diy手链佛珠串珠配件 天珠桶珠散珠,https://detail.1688.com/offer/579617476982.html?spm=a2615.7691456.autotrace-offerGeneral.1.54ca5801IT30Qh,,,,,,,,,,,天珠红白九眼 13*40MM左右,,,,,,,,,,,,,,,
,,厂家直销 天然藏式玛瑙天珠 diy手链佛珠串珠配件 天珠桶珠散珠,https://detail.1688.com/offer/579617476982.html?spm=a2615.7691456.autotrace-offerGeneral.1.54ca5801IT30Qh,,,,,,,,,,,天珠黑白九眼 13*40MM左右,,,,,,,,,,,,,,,
,,厂家直销 天然藏式玛瑙天珠 diy手链佛珠串珠配件 天珠桶珠散珠,https://detail.1688.com/offer/579617476982.html?spm=a2615.7691456.autotrace-offerGeneral.1.54ca5801IT30Qh,,,,,,,,,,,天珠绿色九眼 13*40MM左右,,,,,,,,,,,,,,,
,,厂家直销 天然藏式玛瑙天珠 diy手链佛珠串珠配件 天珠桶珠散珠,https://detail.1688.com/offer/579617476982.html?spm=a2615.7691456.autotrace-offerGeneral.1.54ca5801IT30Qh,,,,,,,,,,,天珠咖啡色 14*40MM左右,,,,,,,,,,,,,,,
,,厂家直销 天然藏式玛瑙天珠 diy手链佛珠串珠配件 天珠桶珠散珠,https://detail.1688.com/offer/579617476982.html?spm=a2615.7691456.autotrace-offerGeneral.1.54ca5801IT30Qh,,,,,,,,,,,天珠绿色 15*40MM左右,,,,,,,,,,,,,,,
,,厂家直销 绿松石散珠 合成绿松石圆珠半成品 饰品配件diy配件批发,https://detail.1688.com/offer/40802653387.html?spm=a2615.7691456.autotrace-offerGeneral.25.6b2d2047fvYJD3,,,,,,,,,,,普通合成白松石,4mm,6mm,8mm,10mm,12mm,14mm,16mm,,,,,,,,
,,厂家直销 绿松石散珠 合成绿松石圆珠半成品 饰品配件diy配件批发,https://detail.1688.com/offer/40802653387.html?spm=a2615.7691456.autotrace-offerGeneral.25.6b2d2047fvYJD3,,,,,,,,,,,合成蓝松石,4mm,6mm,8mm,10mm,12mm,14mm,16mm,,,,,,,,
,,厂家直销 绿松石散珠 合成绿松石圆珠半成品 饰品配件diy配件批发,https://detail.1688.com/offer/40802653387.html?spm=a2615.7691456.autotrace-offerGeneral.25.6b2d2047fvYJD3,,,,,,,,,,,合成深蓝松石,4mm,6mm,8mm,10mm,12mm,14mm,16mm,,,,,,,,
,,厂家直销 绿松石散珠 合成绿松石圆珠半成品 饰品配件diy配件批发,https://detail.1688.com/offer/40802653387.html?spm=a2615.7691456.autotrace-offerGeneral.25.6b2d2047fvYJD3,,,,,,,,,,,合成绿松石,4mm,6mm,8mm,10mm,12mm,14mm,16mm,,,,,,,,
,,厂家直销 绿松石散珠 合成绿松石圆珠半成品 饰品配件diy配件批发,https://detail.1688.com/offer/40802653387.html?spm=a2615.7691456.autotrace-offerGeneral.25.6b2d2047fvYJD3,,,,,,,,,,,合成红松石,4mm,6mm,8mm,10mm,12mm,14mm,16mm,,,,,,,,
,,厂家直销 绿松石散珠 合成绿松石圆珠半成品 饰品配件diy配件批发,https://detail.1688.com/offer/40802653387.html?spm=a2615.7691456.autotrace-offerGeneral.25.6b2d2047fvYJD3,,,,,,,,,,,合成粉松石,4mm,6mm,8mm,10mm,12mm,14mm,16mm,,,,,,,,
,,厂家直销 绿松石散珠 合成绿松石圆珠半成品 饰品配件diy配件批发,https://detail.1688.com/offer/40802653387.html?spm=a2615.7691456.autotrace-offerGeneral.25.6b2d2047fvYJD3,,,,,,,,,,,合成黑松石,4mm,6mm,8mm,10mm,12mm,14mm,16mm,,,,,,,,
,,厂家直销 绿松石散珠 合成绿松石圆珠半成品 饰品配件diy配件批发,https://detail.1688.com/offer/40802653387.html?spm=a2615.7691456.autotrace-offerGeneral.25.6b2d2047fvYJD3,,,,,,,,,,,合成帝皇松,4mm,6mm,8mm,10mm,12mm,14mm,16mm,,,,,,,,
,,厂家直销 绿松石散珠 合成绿松石圆珠半成品 饰品配件diy配件批发,https://detail.1688.com/offer/40802653387.html?spm=a2615.7691456.autotrace-offerGeneral.25.6b2d2047fvYJD3,,,,,,,,,,,合成新疆松,4mm,6mm,8mm,10mm,12mm,14mm,16mm,,,,,,,,
,,厂家直销 绿松石散珠 合成绿松石圆珠半成品 饰品配件diy配件批发,https://detail.1688.com/offer/40802653387.html?spm=a2615.7691456.autotrace-offerGeneral.25.6b2d2047fvYJD3,,,,,,,,,,,合成黑线白松石,4mm,6mm,8mm,10mm,12mm,14mm,16mm,,,,,,,,
,,名都水晶 金线白贝壳散珠 DIY饰品配件 金丝白贝壳半成品批发,https://detail.1688.com/offer/42339666165.html?spm=a26352.13672862.offerlist.1.620b6465s344a1&tracelog=p4p&clickid=79431155793e40348b759c109329dd66&sessionid=5c8ab74e78ebf17d199c44c7562207b7,,,,,,,,,,,,4mm,6mm,8mm,10mm,12mm,14mm,16mm,,,,,,,,
,,天然粉珊瑚散珠 粉珊贝 手工diy饰品配件 半成品串珠材料 正品,https://detail.1688.com/offer/45752457533.html?spm=a26352.13672862.offerlist.184.c98468802qNBpk,,,,,,,,,,,,4mm,6mm,8mm,10mm,12mm,,,,,,,,,,
,,8-12m原矿天然俄罗斯进口天河石圆珠散珠子半成品diy手链手串材料,https://item.taobao.com/item.htm?spm=a1z10.3-c.w4002-172170858.29.jZ7ask&id=521163077687,,,,,,,,,,,,8,10,12,,,,,,,,,,,,
,,厂家直销 高品质玉髓半成品彩色玉石散珠串珠diy饰品配件珠子批发,https://detail.1688.com/offer/42826874351.html?spm=a2615.7691456.autotrace-offerGeneral.1.6539580111RzAD,,,,,,,,,,,彩色玉髓1号红色+黄色,6mm,8mm,10mm,12mm,,,,,,,,,,,
,,厂家直销 高品质玉髓半成品彩色玉石散珠串珠diy饰品配件珠子批发,https://detail.1688.com/offer/42826874351.html?spm=a2615.7691456.autotrace-offerGeneral.1.6539580111RzAD,,,,,,,,,,,彩色玉髓2号红色+橘色,6mm,8mm,10mm,12mm,,,,,,,,,,,
,,厂家直销 高品质玉髓半成品彩色玉石散珠串珠diy饰品配件珠子批发,https://detail.1688.com/offer/42826874351.html?spm=a2615.7691456.autotrace-offerGeneral.1.6539580111RzAD,,,,,,,,,,,彩色玉髓3号湖蓝+白色,6mm,8mm,10mm,12mm,,,,,,,,,,,
,,厂家直销 高品质玉髓半成品彩色玉石散珠串珠diy饰品配件珠子批发,https://detail.1688.com/offer/42826874351.html?spm=a2615.7691456.autotrace-offerGeneral.1.6539580111RzAD,,,,,,,,,,,彩色玉髓4号黄色+白色,6mm,8mm,10mm,12mm,,,,,,,,,,,
,,厂家直销 高品质玉髓半成品彩色玉石散珠串珠diy饰品配件珠子批发,https://detail.1688.com/offer/42826874351.html?spm=a2615.7691456.autotrace-offerGeneral.1.6539580111RzAD,,,,,,,,,,,彩色玉髓5号绿色+黄色,6mm,8mm,10mm,12mm,,,,,,,,,,,
,,厂家直销 高品质玉髓半成品彩色玉石散珠串珠diy饰品配件珠子批发,https://detail.1688.com/offer/42826874351.html?spm=a2615.7691456.autotrace-offerGeneral.1.6539580111RzAD,,,,,,,,,,,彩色玉髓8号绿色+白色,6mm,8mm,10mm,12mm,,,,,,,,,,,
,,厂家直销 高品质玉髓半成品彩色玉石散珠串珠diy饰品配件珠子批发,https://detail.1688.com/offer/42826874351.html?spm=a2615.7691456.autotrace-offerGeneral.1.6539580111RzAD,,,,,,,,,,,彩色玉髓9号绿色+粉色,6mm,8mm,10mm,12mm,,,,,,,,,,,
,,厂家直销 高品质玉髓半成品彩色玉石散珠串珠diy饰品配件珠子批发,https://detail.1688.com/offer/42826874351.html?spm=a2615.7691456.autotrace-offerGeneral.1.6539580111RzAD,,,,,,,,,,,彩色玉髓11号深蓝+紫色,6mm,8mm,10mm,12mm,,,,,,,,,,,
,,厂家直销 高品质玉髓半成品彩色玉石散珠串珠diy饰品配件珠子批发,https://detail.1688.com/offer/42826874351.html?spm=a2615.7691456.autotrace-offerGeneral.1.6539580111RzAD,,,,,,,,,,,彩色玉髓12号深绿+橙色,6mm,8mm,10mm,12mm,,,,,,,,,,,
,,厂家直销 高品质玉髓半成品彩色玉石散珠串珠diy饰品配件珠子批发,https://detail.1688.com/offer/42826874351.html?spm=a2615.7691456.autotrace-offerGeneral.1.6539580111RzAD,,,,,,,,,,,彩色玉髓13号紫色+白色,6mm,8mm,10mm,12mm,,,,,,,,,,,
,,厂家直销 高品质玉髓半成品彩色玉石散珠串珠diy饰品配件珠子批发,https://detail.1688.com/offer/42826874351.html?spm=a2615.7691456.autotrace-offerGeneral.1.6539580111RzAD,,,,,,,,,,,彩色玉髓15号玫红+黄色,6mm,8mm,10mm,12mm,,,,,,,,,,,
,,厂家直销 高品质玉髓半成品彩色玉石散珠串珠diy饰品配件珠子批发,https://detail.1688.com/offer/42826874351.html?spm=a2615.7691456.autotrace-offerGeneral.1.6539580111RzAD,,,,,,,,,,,彩色玉髓 16号紫色+黄色,6mm,8mm,10mm,12mm,,,,,,,,,,,
,,厂家直销天然马粉散珠7A冰种马达加斯加粉晶圆珠 diy饰品配件批发,https://detail.1688.com/offer/44175165024.html?spm=a2615.7691456.autotrace-offerGeneral.1.6b365801SCxKhQ,,,,,,,,,,,天然马粉,6mm,8mm,10mm,12mm,,,,,,,,,,,
,,厂家直销天然马粉散珠7A冰种马达加斯加粉晶圆珠 diy饰品配件批发,https://detail.1688.com/offer/44175165024.html?spm=a2615.7691456.autotrace-offerGeneral.1.6b365801SCxKhQ,,,,,,,,,,,天然切面马粉,6mm,8mm,10mm,12mm,,,,,,,,,,,
,,厂家直销 天然彩色玉石圆珠 饰品配件diy手工串珠 玉髓圆珠批发,https://detail.1688.com/offer/605388109718.html?spm=a2615.7691456.autotrace-offerGeneral.31.38b55801fwh6HF,,,,,,,,,,,1号玫红+白色,6mm,8mm,10mm,,,,,,,,,,,,
,,厂家直销 天然彩色玉石圆珠 饰品配件diy手工串珠 玉髓圆珠批发,https://detail.1688.com/offer/605388109718.html?spm=a2615.7691456.autotrace-offerGeneral.31.38b55801fwh6HF,,,,,,,,,,,2号玫红+黄色,6mm,8mm,10mm,,,,,,,,,,,,
,,厂家直销 天然彩色玉石圆珠 饰品配件diy手工串珠 玉髓圆珠批发,https://detail.1688.com/offer/605388109718.html?spm=a2615.7691456.autotrace-offerGeneral.31.38b55801fwh6HF,,,,,,,,,,,3号紫色+玫红+白色,6mm,8mm,10mm,,,,,,,,,,,,
,,厂家直销 天然彩色玉石圆珠 饰品配件diy手工串珠 玉髓圆珠批发,https://detail.1688.com/offer/605388109718.html?spm=a2615.7691456.autotrace-offerGeneral.31.38b55801fwh6HF,,,,,,,,,,,4号黄色+绿色+玫红,6mm,8mm,10mm,,,,,,,,,,,,
,,厂家直销 天然彩色玉石圆珠 饰品配件diy手工串珠 玉髓圆珠批发,https://detail.1688.com/offer/605388109718.html?spm=a2615.7691456.autotrace-offerGeneral.31.38b55801fwh6HF,,,,,,,,,,,5号白色+绿色+玫红,6mm,8mm,10mm,,,,,,,,,,,,
,,厂家直销 天然彩色玉石圆珠 饰品配件diy手工串珠 玉髓圆珠批发,https://detail.1688.com/offer/605388109718.html?spm=a2615.7691456.autotrace-offerGeneral.31.38b55801fwh6HF,,,,,,,,,,,6号白色+绿色+紫红,6mm,8mm,10mm,,,,,,,,,,,,
,,厂家直销 天然彩色玉石圆珠 饰品配件diy手工串珠 玉髓圆珠批发,https://detail.1688.com/offer/605388109718.html?spm=a2615.7691456.autotrace-offerGeneral.31.38b55801fwh6HF,,,,,,,,,,,7号红色+绿色+黄色,6mm,8mm,10mm,,,,,,,,,,,,
,,厂家直销 天然彩色玉石圆珠 饰品配件diy手工串珠 玉髓圆珠批发,https://detail.1688.com/offer/605388109718.html?spm=a2615.7691456.autotrace-offerGeneral.31.38b55801fwh6HF,,,,,,,,,,,8号咖啡色,6mm,8mm,10mm,,,,,,,,,,,,
,,厂家直销 天然彩色玉石圆珠 饰品配件diy手工串珠 玉髓圆珠批发,https://detail.1688.com/offer/605388109718.html?spm=a2615.7691456.autotrace-offerGeneral.31.38b55801fwh6HF,,,,,,,,,,,9号深浅黄色,6mm,8mm,10mm,,,,,,,,,,,,
,,厂家直销 天然彩色玉石圆珠 饰品配件diy手工串珠 玉髓圆珠批发,https://detail.1688.com/offer/605388109718.html?spm=a2615.7691456.autotrace-offerGeneral.31.38b55801fwh6HF,,,,,,,,,,,10号绿色+黄色,6mm,8mm,10mm,,,,,,,,,,,,
,,厂家直销 天然彩色玉石圆珠 饰品配件diy手工串珠 玉髓圆珠批发,https://detail.1688.com/offer/605388109718.html?spm=a2615.7691456.autotrace-offerGeneral.31.38b55801fwh6HF,,,,,,,,,,,11号绿色+红色,6mm,8mm,10mm,,,,,,,,,,,,
,,厂家直销 天然彩色玉石圆珠 饰品配件diy手工串珠 玉髓圆珠批发,https://detail.1688.com/offer/605388109718.html?spm=a2615.7691456.autotrace-offerGeneral.31.38b55801fwh6HF,,,,,,,,,,,12号紫色+绿色,6mm,8mm,10mm,,,,,,,,,,,,
,,厂家直销 天然彩色玉石圆珠 饰品配件diy手工串珠 玉髓圆珠批发,https://detail.1688.com/offer/605388109718.html?spm=a2615.7691456.autotrace-offerGeneral.31.38b55801fwh6HF,,,,,,,,,,,13号深绿+白色,6mm,8mm,10mm,,,,,,,,,,,,
,,厂家直销 天然彩色玉石圆珠 饰品配件diy手工串珠 玉髓圆珠批发,https://detail.1688.com/offer/605388109718.html?spm=a2615.7691456.autotrace-offerGeneral.31.38b55801fwh6HF,,,,,,,,,,,14号蓝色+白色,6mm,8mm,10mm,,,,,,,,,,,,
,,厂家直销 天然彩色玉石圆珠 饰品配件diy手工串珠 玉髓圆珠批发,https://detail.1688.com/offer/605388109718.html?spm=a2615.7691456.autotrace-offerGeneral.31.38b55801fwh6HF,,,,,,,,,,,15号紫色+白色,6mm,8mm,10mm,,,,,,,,,,,,
,,厂家直销 天然彩色玉石圆珠 饰品配件diy手工串珠 玉髓圆珠批发,https://detail.1688.com/offer/605388109718.html?spm=a2615.7691456.autotrace-offerGeneral.31.38b55801fwh6HF,,,,,,,,,,,16号绿色+紫色,6mm,8mm,10mm,,,,,,,,,,,,
